restaurant_name,negative_percentage,positive_percentage,total_reviews
375_Chicken_n_Fries,0.0,1.0,7
Zoni_Cafe,0.0,1.0,1
519,0.0,1.0,4
16_Handles,0.0,1.0,1
Zoe_Restaurant_Lounge,0.0,1.0,1
1_Chimi_Sushi,0.0,1.0,1
Zheng_s_Lucky_Sunday_Garden,0.0,1.0,1
212_Restaurant_And_Bar,0.0,1.0,1
Wok_to_Walk,0.0,1.0,1
74th_Street_Cafe,0.0,1.0,1
Wimpy_s,0.0,1.0,1
Wimpies_Restaurant,0.0,1.0,1
William_Poll,0.0,1.0,4
Flaco_s_Pizza,0.0,1.0,2
Food_U_Desire,0.0,1.0,1
Foodtown,0.0,1.0,3
Forever_Taste,0.0,1.0,1
Frangos_Peri_Peri,0.0,1.0,1
Fresco_57,0.0,1.0,2
Fresco_s_Pizzeria,0.0,1.0,1
Fresh_Basil_s,0.0,1.0,1
Fresh_Co,0.0,1.0,1
Fresh_Tortilla,0.0,1.0,1
Fuji_Sushi,0.0,1.0,2
Fulton_Stall_Market,0.0,1.0,1
Fusion_Grill,0.0,1.0,1
Future_You_Cafe,0.0,1.0,1
Amsterdam_Restaurant,0.0,1.0,3
Ana_Ramen,0.0,1.0,1
Valducci_s_Pizza_Cafe,0.0,1.0,2
Variety_Coffee_Roasters,0.0,1.0,1
Vegetariano,0.0,1.0,1
Vinnie_s_Pizzeria,0.0,1.0,1
Visana,0.0,1.0,1
Wafels_Dinges,0.0,1.0,2
Aki_Sushi_3,0.0,1.0,2
Al_Horno_Lean_Mexican_Kitchen,0.0,1.0,2
Arepa_Factory,0.0,1.0,1
Tribeca_Taco_Truck,0.0,1.0,1
Trinity_s_Pub,0.0,1.0,1
Two_Forks,0.0,1.0,1
U_Like,0.0,1.0,2
Untamed_Sandwiches,0.0,1.0,2
Uptown_Poke,0.0,1.0,1
Urban_Lobster_Shack,0.0,1.0,1
Amir_s_Kitchen,0.0,1.0,1
Atomic_Wings,0.0,1.0,1
Auntie_Anne_s,0.0,1.0,1
Auriga_Cafe,0.0,1.0,1
Avalon_New_York,0.0,1.0,2
Avellino_s_Pizzeria_Catering,0.0,1.0,1
The_Sweet_Shop_NYC,0.0,1.0,2
The_Teriyaki_Boys,0.0,1.0,1
The_West_Coffeehouse_Bar,0.0,1.0,1
Thirstea,0.0,1.0,2
Tilted_Kilt,0.0,1.0,1
Tokyo_Mart,0.0,1.0,1
Topokee,0.0,1.0,1
Tramonti_Fifth_Ave,0.0,1.0,1
GRK,0.0,1.0,1
Fairway_Cafe_Steakhouse,0.0,1.0,2
Fields_Good_Chicken,0.0,1.0,2
Gael_Pub,0.0,1.0,1
Garden_Restaurant,0.0,1.0,4
Gleason_s_Tavern,0.0,1.0,1
Go_Sushi,0.0,1.0,2
Godiva_Cafe,0.0,1.0,2
Godiva_Chocolatier,0.0,1.0,4
Golden_Dragon_Restaurant,0.0,1.0,1
Golden_Manna_Bakery,0.0,1.0,1
Golden_Star_Restaurant,0.0,1.0,1
Gong_Cha_Chinatown,0.0,1.0,5
Ernesto_s,0.0,1.0,2
Backyard_Chicken,0.0,1.0,1
Bagel_Belly,0.0,1.0,6
The_Joint,0.0,1.0,1
The_Kati_Roll_Company,0.0,1.0,1
The_Otheroom,0.0,1.0,2
The_Perfect_Taste,0.0,1.0,1
The_Sefton,0.0,1.0,1
The_Shuka_Truck,0.0,1.0,3
The_Simone,0.0,1.0,10
Atoboy,0.0,1.0,77
Baguettes_and_Company,0.0,1.0,1
Baked_Ideas,0.0,1.0,1
Bar_Feroce,0.0,1.0,1
That_s_Amore_Pizzeria,0.0,1.0,1
The_Bao_Shoppe,0.0,1.0,1
The_Brown_Cup,0.0,1.0,1
The_Den_Hyatt_Herald_Square,0.0,1.0,2
The_Fisherman_s_Dog,0.0,1.0,1
The_Halal_Indian_Kitchen,0.0,1.0,1
Azuki_Sushi_and_Chinese,0.0,1.0,1
BH_Kitchen_Bar,0.0,1.0,28
Bayard_s_Ale_House_East,0.0,1.0,1
Tacos_Cuautla_Morelos,0.0,1.0,1
Tang_Zi_Zhong_Restaurant,0.0,1.0,1
Tapas_Bites,0.0,1.0,1
Taqueria_Diana,0.0,1.0,1
Taqueria_El_Barrio,0.0,1.0,1
Tavola_Calda_Deli,0.0,1.0,1
Taz_Cafe,0.0,1.0,1
Tbaar,0.0,1.0,1
Tea_Time,0.0,1.0,2
Tebaya,0.0,1.0,2
Ten_Zan_Restaurant,0.0,1.0,2
Tenth_Avenue_Diner,0.0,1.0,2
Exclusive_Pizza,0.0,1.0,1
Express_Thali,0.0,1.0,1
Grab_Go,0.0,1.0,2
Grain_House,0.0,1.0,1
Grandma_s_Pizza,0.0,1.0,1
Green_Fusion,0.0,1.0,1
Green_Generation_NYC,0.0,1.0,1
Grini_s_Grill,0.0,1.0,1
Ground_Central_Coffee_Company,0.0,1.0,1
Guang_Ming,0.0,1.0,1
Guy_Gallard,0.0,1.0,3
Halal_Kitchen,0.0,1.0,1
Hale_Hearty_Soups,0.0,1.0,2
Hall,0.0,1.0,1
Beijing_Chinese_Restaurant,0.0,1.0,1
Sultan_Turkish_Restaurant,0.0,1.0,1
Summer_Salt,0.0,1.0,1
Sushi_Co,0.0,1.0,2
Sushi_Tokyo_Chelsea,0.0,1.0,2
Sushiro_Seasonal_Kitchen,0.0,1.0,1
Sweet_Gloria,0.0,1.0,1
Sweetgreen,0.0,1.0,7
TSQ_taqueria,0.0,1.0,1
T_G_Whitney_s,0.0,1.0,1
Taco_Azul,0.0,1.0,1
Taco_House,0.0,1.0,1
Taco_Rey_Restaurant_2,0.0,1.0,1
Barcelona_Restaurant,0.0,1.0,1
Space_Market,0.0,1.0,2
Spice_Corner,0.0,1.0,2
Spicy_Moon,0.0,1.0,1
Spicy_Tibet,0.0,1.0,2
Spring_Mart,0.0,1.0,1
St_Tropez_West_Village,0.0,1.0,36
Stella_s_Coffee_Shop,0.0,1.0,1
Sticky_s_Finger_Joint,0.0,1.0,1
Studio_59,0.0,1.0,1
Suki,0.0,1.0,1
Beard_Papa_s,0.0,1.0,4
Beekman_Beer_Garden_Beach_Club,0.0,1.0,1
Blue_9_Burger_2nd_Ave,0.0,1.0,2
Smiler_s_Delicatessen,0.0,1.0,1
Snowpea_Cafe,0.0,1.0,1
Snowy_Village,0.0,1.0,2
Som_Bo,0.0,1.0,1
South_of_the_Clouds,0.0,1.0,1
Bergen_Bagels,0.0,1.0,1
Biga,0.0,1.0,18
Birch_Coffee,0.0,1.0,1
Bistro_34,0.0,1.0,1
Space_Mabi,0.0,1.0,1
Blue_Rose_Deli,0.0,1.0,1
Shimizu_Sushi_Shochu_Bar,0.0,1.0,2
Shrine_Bar,0.0,1.0,31
Shuteye_Coffee,0.0,1.0,1
Silver_Palace_Chinese_Restaurant,0.0,1.0,1
Simply_Natural_NYC,0.0,1.0,1
Six_Pans,0.0,1.0,1
Slice_Co_Pizza,0.0,1.0,1
Smashiess,0.0,1.0,1
Black_Iron_Burger,0.0,1.0,1
Black_Seed_Bagels,0.0,1.0,2
Bleecker_Delicatessen,0.0,1.0,1
Blimpie,0.0,1.0,3
Blockheads,0.0,1.0,1
Blossom_Garden_Music_Restaurant_Bar,0.0,1.0,1
Hamptons_Market_Place,0.0,1.0,1
Hana_Japanese_Restaurant,0.0,1.0,1
Hanshik_Korean_Cuisine,0.0,1.0,1
Happy_Taco,0.0,1.0,2
Harmony_Kitchen,0.0,1.0,1
Haven_Cafe,0.0,1.0,1
Health_King,0.0,1.0,1
Healthy_Greens_Gourmet_Deli,0.0,1.0,1
East_Village_Finest_Deli,0.0,1.0,1
El_Encanto_de_lola_2,0.0,1.0,1
El_Jobito_Restaurant,0.0,1.0,3
El_Patron,0.0,1.0,1
El_Rey_del_Bistec_Y_Caridad,0.0,1.0,1
El_Tepeyac_Grocery,0.0,1.0,1
Bluestone_Lane_Bowery_Cafe,0.0,1.0,1
Bluestone_Lane_Madison_Avenue_Coffee_Shop,0.0,1.0,1
Bluestone_Lane_Midtown_East_Coffee_Shop,0.0,1.0,1
Bobwhite,0.0,1.0,1
Bobwhite_Counter,0.0,1.0,1
Sant_Ambroeus_Coffee_Bar,0.0,1.0,1
Sathi,0.0,1.0,3
Sauce_Pizzeria,0.0,1.0,1
Saxelby_Cheesemongers,0.0,1.0,3
Shake_Shack,0.0,1.0,3
Blue_Dog_Kitchen,0.0,1.0,1
Blue_Gold_Tavern,0.0,1.0,2
Blue_Mountain_Heights_Cafe_Bar,0.0,1.0,3
Blue_Ribbon_Bakery_Market,0.0,1.0,1
Blue_Ribbon_Kanpai_Garden,0.0,1.0,1
Boulevard_Deli_Restaurant,0.0,1.0,1
Bowery_Eats,0.0,1.0,1
Rolls_royce_Coffe,0.0,1.0,1
Royce_Chocolates,0.0,1.0,2
Ruby_s_Cafe,0.0,1.0,2
Ruby_s_Vintage,0.0,1.0,1
Rudy_s_Pizza_Restaurant,0.0,1.0,1
Sage_Kitchen,0.0,1.0,1
Sai_Asian_Fusion,0.0,1.0,2
Ramen_Shack,0.0,1.0,1
Broadway_Finest_Deli,0.0,1.0,1
Brodo,0.0,1.0,1
Raw_Mkt,0.0,1.0,1
Ray_s_Super_Deli,0.0,1.0,1
Red_paper_clip_NYC,0.0,1.0,1
Revolution_Sandwich,0.0,1.0,1
Rivington_Pizza,0.0,1.0,1
Rivoli_Pizza,0.0,1.0,3
Rivoli_Pizza_II,0.0,1.0,2
Rocka_Rolla,0.0,1.0,4
Rocky_s_Pizza_Vinoteca,0.0,1.0,1
Bono_Trattoria,0.0,1.0,48
Bonsai_Kakigori,0.0,1.0,1
Pop,0.0,1.0,1
Pressed_Juicery,0.0,1.0,2
Bull_McCabe_s,0.0,1.0,6
Pret_a_Manger,0.0,1.0,3
Prince_Deli_Market,0.0,1.0,1
Pure_Green_Juice_Smoothies,0.0,1.0,1
Que_Rico_Pollo,0.0,1.0,1
Quechua_Nostra,0.0,1.0,1
Quiznos,0.0,1.0,3
RISE_New_York,0.0,1.0,1
ROAST_Homestyle_Chicken,0.0,1.0,2
Rae_s_Delicatessen,0.0,1.0,4
Hex_Company,0.0,1.0,1
Hoa_Kitchen,0.0,1.0,1
Hokey_Poke,0.0,1.0,1
Honeybrains,0.0,1.0,1
Hong_Kong_Restaurant,0.0,1.0,1
Hot_and_Tasty_Bagels_and_Deli,0.0,1.0,1
Hudson_Deli_Grocery,0.0,1.0,1
Hungry_Ghost_Coffee,0.0,1.0,2
IL_Fornaio_Pizzeria,0.0,1.0,1
IPizza_NY,0.0,1.0,1
IScream_by_Ice_Vice,0.0,1.0,3
Idea_Coffee,0.0,1.0,5
Ikinari_Steak,0.0,1.0,1
Dough,0.0,1.0,1
Peperino_NYC_Pizza,0.0,1.0,2
C_Tea,0.0,1.0,1
Cafe_86,0.0,1.0,1
Pita_Express_First_Ave,0.0,1.0,2
Pizza_King,0.0,1.0,1
Pizza_Plus,0.0,1.0,2
Planet_Gyro,0.0,1.0,2
Planted,0.0,1.0,1
Playa_Bowls,0.0,1.0,1
PokeVillage,0.0,1.0,1
Poke_Fun,0.0,1.0,1
Poketown,0.0,1.0,2
Cafe_Metro,0.0,1.0,1
Cafe_Trend,0.0,1.0,1
Panda_House,0.0,1.0,1
Parada_47_Mexican_Restaurant,0.0,1.0,1
Paris_Baguette,0.0,1.0,1
Paris_Baguette_bakery,0.0,1.0,2
Parisi_Bakery,0.0,1.0,1
Partybus_Bakeshop,0.0,1.0,1
Pasta_By_Hudson,0.0,1.0,1
Patisserie_Fouet,0.0,1.0,11
Patsys_Pizzeria,0.0,1.0,2
Patty_s_Patties,0.0,1.0,1
Paul_s_Pizza,0.0,1.0,1
Caffe_Bene,0.0,1.0,2
Campus_Deli,0.0,1.0,1
Cappone_s_Salumeria,0.0,1.0,1
Nom,0.0,1.0,1
Nostro_Ristorante_Italiano,0.0,1.0,2
Nublu,0.0,1.0,1
Nuevo_Sabor_Restaurant,0.0,1.0,1
Num_Pang_Kitchen,0.0,1.0,2
One_Minute_Cafe,0.0,1.0,3
Ootaya,0.0,1.0,1
Opai,0.0,1.0,1
Osamil,0.0,1.0,49
Ost_Cafe,0.0,1.0,2
Cafe_D_avignon,0.0,1.0,3
Namu_Deli,0.0,1.0,1
Nanzan_Poke,0.0,1.0,1
Natural_Food_Deli,0.0,1.0,1
Naughty_Crab,0.0,1.0,1
Nellie_s,0.0,1.0,1
New_Aaron_s_Chinese_and_Thai,0.0,1.0,1
New_Dragon,0.0,1.0,1
New_Kam_Lai,0.0,1.0,3
New_Sunny_East_Restaurant,0.0,1.0,2
New_Yorkers_Pizza,0.0,1.0,1
Nice_One_Bakery,0.0,1.0,1
Nikki_Sushi,0.0,1.0,1
Ninja_Grill_Hibachi_Express,0.0,1.0,1
Cafe_o,0.0,1.0,1
Champion_Coffee,0.0,1.0,2
Charleys_Philly_Steaks,0.0,1.0,2
Charlie_s_Pizza,0.0,1.0,1
Chelsea_Gourmet_Deli,0.0,1.0,4
Mulberry_Iconic_Magazines,0.0,1.0,1
Muse_Bar,0.0,1.0,3
N,0.0,1.0,1
NYC_Health_Bar,0.0,1.0,1
NY_Bagels_Cafe,0.0,1.0,1
Nadal_2_Deli,0.0,1.0,1
Nagoya_Japanese_Restaurant,0.0,1.0,1
Caridad_Restaurant,0.0,1.0,1
Carnegie_Diner_And_Cafe,0.0,1.0,1
EMojo_Burger,0.0,1.0,1
Eamonn_Doran_at_Madison_Sq,0.0,1.0,1
Il_Mattone,0.0,1.0,6
Il_Miluno,0.0,1.0,3
Indo_Pak_Halal_Restaurant,0.0,1.0,1
Intermezzo,0.0,1.0,1
Ivoire_Restaurant,0.0,1.0,1
Jackdaw,0.0,1.0,2
Do_Re_Mi_Pizza,0.0,1.0,1
Dominicks_Deli,0.0,1.0,2
Chiavenna_s_Ristorante,0.0,1.0,2
Chipilo_Sandwich_Shop,0.0,1.0,2
Chipotle,0.0,1.0,1
Chirping_Chicken,0.0,1.0,1
Chochin,0.0,1.0,3
Mocha_Burger,0.0,1.0,3
Mofongo_Del_Valle,0.0,1.0,2
Mokyo,0.0,1.0,1
Molcajete_Taqueria,0.0,1.0,2
Cc_s_Cafe,0.0,1.0,1
City_Spice_Cafe,0.0,1.0,1
City_Vineyar_at_Pier_26,0.0,1.0,6
Classic_Car_Club_Kitchen,0.0,1.0,1
Mango_Crepes_and_More,0.0,1.0,1
Manhattan_Country_Club,0.0,1.0,1
Mare_Chiaro,0.0,1.0,1
Matchaful,0.0,1.0,4
Matto_Espresso,0.0,1.0,3
McDonalds,0.0,1.0,1
Melt_Ice_Cream_Sandwiches,0.0,1.0,2
Midtown_Sandwiches,0.0,1.0,1
Mike_Tony_s_Pizza,0.0,1.0,2
Mike_s_Coffee_and_Deli,0.0,1.0,1
Chennai_Garden,0.0,1.0,1
CoCo_Fresh_Tea_Juice,0.0,1.0,2
Cocina_Taller,0.0,1.0,2
Coco_Malaysia_Thai_cuisine,0.0,1.0,1
Columbus_Grill,0.0,1.0,3
Lunchbox_Cafe,0.0,1.0,1
M_W_Bakery,0.0,1.0,1
Maharaja_Palace,0.0,1.0,1
Maison_Pickle,0.0,1.0,10
Mama_K_s_Soup_Salad,0.0,1.0,3
Mama_Tina_s_Pizza,0.0,1.0,1
Mama_s_Grill_Fried_Chicken_Inc,0.0,1.0,1
Mamma_s_Rita_Kitchen,0.0,1.0,1
Choza_Midtown,0.0,1.0,1
Chris_Bonney,0.0,1.0,1
Chu_Ros_Thai,0.0,1.0,1
Limon_Jungle_Empanadas,0.0,1.0,1
Lin_s_Chinese_Restaurant,0.0,1.0,1
Lincoln_Fried_Chicken,0.0,1.0,2
Lincoln_Gourmet_Deli,0.0,1.0,2
Liquiteria,0.0,1.0,2
Little_Caesars,0.0,1.0,3
Little_Gio_s_Pizza,0.0,1.0,1
Living_Thai,0.0,1.0,2
Local_Cafe_East,0.0,1.0,1
Los_Tacos_No_1,0.0,1.0,3
Los_Verdes_NY,0.0,1.0,4
Loverboy,0.0,1.0,3
Lucky_Plaza_Restaurant,0.0,1.0,1
Clinton_Street_Pizza,0.0,1.0,1
Donna_Margherita,0.0,1.0,1
Jade_Sixty_Asian_Steakhouse,0.0,1.0,1
Jamba_Juice,0.0,1.0,1
Jason_s_Cafe,0.0,1.0,1
Jerkyz,0.0,1.0,2
Jesus_Taco_Tex_Mex_Grill,0.0,1.0,1
Joe_Coffee_Company,0.0,1.0,3
Joey_S_Pepperoni_Pizza,0.0,1.0,3
Juice_Generation,0.0,1.0,1
Juice_Press,0.0,1.0,5
Junior_s_Tacos,0.0,1.0,3
Crispin_s,0.0,1.0,1
Crispy_Chicken_Restaurant,0.0,1.0,1
Crumbs_Bake_Shop,0.0,1.0,1
DZIVPLA_Polish_American_cuisine,0.0,1.0,1
D_antigua_Bar_Lounge,0.0,1.0,1
La_Embajada,0.0,1.0,1
La_Piccola_Cucina,0.0,1.0,39
La_Scala,0.0,1.0,1
Laduree,0.0,1.0,2
Latin_Beet_Kitchen,0.0,1.0,2
Lemon_Leaves,0.0,1.0,1
Lenita,0.0,1.0,1
Liberty_Links,0.0,1.0,1
Khatchapuri,0.0,1.0,1
Kodawari_Coffee,0.0,1.0,1
Koku_New_York_City,0.0,1.0,1
Kopi_Kopi_Flatiron,0.0,1.0,1
Korean_Ginseng_Corp,0.0,1.0,1
Krispy_Krunchy_Chicken,0.0,1.0,1
L_A_Gourmet_Deli,0.0,1.0,3
La_Bouchon,0.0,1.0,1
La_Chula_Tacos_Ceviches,0.0,1.0,5
La_Crepe_C_Est_Si_Bon,0.0,1.0,1
Cravings_Cafe,0.0,1.0,1
Crepe_Master,0.0,1.0,5
Jupioca_Drink,0.0,1.0,1
Del_Bove,0.0,1.0,1
Dill_Parsley,0.0,1.0,11
Just_baked_Nowakowski_est_1925,0.0,1.0,1
K_Burger,0.0,1.0,1
Kaffe_1668,0.0,1.0,1
Karahi_Indian_Cuisine,0.0,1.0,1
Katsu_Hama,0.0,1.0,1
Key_Food_Fresh,0.0,1.0,2
Daily_Soup_E_43rd_St,0.0,1.0,1
Dali_Market,0.0,1.0,3
Dan_and_John_s_Wings,0.0,1.0,10
Kfc,0.0,1.0,1
Kharian_Deli,0.0,1.0,1
Wicked_Spoon_Yogurt,0.0,1.0,1
787_Coffee_Co,0.0,1.0,1
88_Fusion,0.0,1.0,2
92nd_St_Cafe,0.0,1.0,1
Wrap_Roll_Grill,0.0,1.0,1
Wrap_Star,0.0,1.0,1
Xi_an_Famous_Foods,0.0,1.0,1
Xing_s_Chef,0.0,1.0,1
Xingxong,0.0,1.0,1
Yo_Sushi,0.0,1.0,1
Yu_Kitchen,0.0,1.0,2
Yumze_Food,0.0,1.0,1
Zadies,0.0,1.0,1
Zest_Ramen,0.0,1.0,1
Fino_Ristorante,0.0,1.0,1
All_American_Pancake_House,0.0,1.0,2
Alonzo_s_Restaurant,0.0,1.0,1
Ambizza_Cafe,0.0,1.0,1
Wakamba_Restaurant_Tavern,0.0,1.0,1
Walker_Luncheonette,0.0,1.0,1
White_Castle,0.0,1.0,1
A_Taste_of_Seafood_Express,0.0,1.0,1
Abbey_Tavern,0.0,1.0,2
Abcv,0.0,1.0,1
About_coffee,0.0,1.0,5
Ad_Lib,0.0,1.0,1
La_Contenta,0.01,0.99,74
Champion_Pizza,0.01,0.99,73
Pi_Greek_Bakerie,0.01,0.99,101
IL_Baretto,0.02,0.98,58
Skyline_Gourmet_Deli,0.02,0.98,90
Scruffy_Duffys,0.02,0.98,60
SakaMai,0.02,0.98,48
The_Horny_Ram,0.02,0.98,48
The_Wild_Son,0.02,0.98,53
Amish_Market_East,0.02,0.98,163
Excuse_My_French,0.02,0.98,48
Sticky_Rice,0.02,0.98,90
Vino_Levantino,0.02,0.98,57
Nano_Ecuadorian_Kitchen,0.03,0.97,92
Pegu_Club,0.03,0.97,39
Ponche_Taqueria_Cantina,0.03,0.97,72
Cardoncello_Divino,0.03,0.97,34
Il_Posto_Accanto,0.03,0.97,76
Naruto_Ramen,0.03,0.97,109
Mission_Ceviche,0.03,0.97,35
Jajaja,0.03,0.97,63
Kings_of_Kobe,0.03,0.97,30
Whiskey_Tavern,0.03,0.97,141
La_bonbonniere,0.03,0.97,117
Anytime,0.03,0.97,37
Trattoria_Italienne,0.03,0.97,63
Spunto_Thin_Crust_Pizza,0.03,0.97,64
Valhalla,0.03,0.97,100
Quantum_Leap_Natural_Food,0.03,0.97,131
Bread_Butter,0.04,0.96,90
Sacco_Pizza,0.04,0.96,116
Posto_Thin_Crust_Pizza,0.04,0.96,79
Le_Botaniste,0.04,0.96,67
Upstate,0.04,0.96,111
Food_Gallery_32,0.04,0.96,75
Thursday_Kitchen,0.04,0.96,55
Tribeca_Bagels,0.04,0.96,83
Fish_Cheeks,0.04,0.96,47
Giano_Restaurant,0.04,0.96,77
City_Sandwich,0.04,0.96,96
Amelie,0.04,0.96,346
Kashkaval_Garden,0.04,0.96,123
Morton_Williams_57th_St,0.04,0.96,158
Patiala_Indian_Grill,0.05,0.95,73
Cafe_Katja,0.05,0.95,96
Izakaya_NoMad,0.05,0.95,75
Margon,0.05,0.95,137
Kiss_My_Slice,0.05,0.95,101
Little_Beet_Table,0.05,0.95,114
Dunhill_Cafe_Caterers,0.05,0.95,88
Draught_55,0.05,0.95,92
Walker_s,0.05,0.95,61
Ear_Inn,0.05,0.95,182
Westville_Hudson,0.05,0.95,168
Corkbuzz,0.05,0.95,100
The_Pickle_Guys,0.05,0.95,94
Smithfield_Hall,0.05,0.95,104
BXL_East,0.05,0.95,92
Tavern_on_Jane,0.05,0.95,113
Hama_Japanese_Cuisine,0.05,0.95,127
Table_D_Hote,0.05,0.95,91
Fiat_Cafe,0.05,0.95,163
The_Junction,0.05,0.95,99
Harney_Sons_Soho,0.05,0.95,60
B_Side_Pizzeria,0.05,0.95,368
Pure_Thai_Cookhouse,0.06,0.94,1062
Hide_Chan_Ramen_Midtown_East,0.06,0.94,124
Norma,0.06,0.94,121
Cafe_Habana,0.06,0.94,437
Peacefood_Cafe,0.06,0.94,372
Cafe_Manhattan,0.06,0.94,116
Kiki_s,0.06,0.94,123
Deux_AMIS,0.06,0.94,124
Jimmy_s_Corner,0.06,0.94,416
Joe_Jr,0.06,0.94,63
Zen_Ramen_Sushi,0.06,0.94,109
Westville_West,0.06,0.94,139
Il_caffe_latte,0.06,0.94,68
Mudspot,0.06,0.94,90
Mokbar,0.06,0.94,99
Momosan_Ramen_Sake,0.06,0.94,414
Mont_Blanc_52,0.06,0.94,71
Caviar_Russe,0.06,0.94,105
Jacob_s_Pickles,0.06,0.94,829
Jacob_Restaurant,0.06,0.94,48
Club_A_Steakhouse,0.06,0.94,2951
Luzzo_s,0.06,0.94,217
Taim_West_Village,0.06,0.94,197
Taverna_di_Bacco,0.06,0.94,107
Beer_Culture,0.06,0.94,157
H_H_Bagels,0.06,0.94,112
Society_Cafe,0.06,0.94,64
Sofia_Wine_Bar_and_Cafe,0.06,0.94,95
Beecher_s_Handmade_Cheese,0.06,0.94,219
Speedy_Deli,0.06,0.94,105
Song_E_Napule,0.06,0.94,160
Sabai_Thai_Restaurant,0.06,0.94,53
Buenos_Aires,0.06,0.94,286
Risotteria_Melotti_NYC,0.06,0.94,100
Russ_Daughters,0.06,0.94,902
Russian_Vodka_Room,0.06,0.94,157
Ryan_Maguire_s_Bar_Restaurant,0.06,0.94,90
Beyond_Sushi,0.06,0.94,69
Saar_Indian_Bistro,0.06,0.94,62
The_Clam,0.06,0.94,145
Babbalucci,0.06,0.94,70
The_Drunken_Munkey,0.06,0.94,110
Bagel_Express,0.06,0.94,156
The_Jeffrey_Craft_Beer_Bar_and_Bites,0.06,0.94,86
Atera,0.06,0.94,142
Urban_Vegan_Kitchen,0.06,0.94,50
Vintry_Wine_and_Whiskey,0.06,0.94,65
Tree_Bistro,0.06,0.94,293
Asuka_Japanese_Fusion_Lounge,0.06,0.94,112
Tuscany_Steakhouse,0.06,0.94,78
VIV_Thai_Restaurant_and_Bar,0.06,0.94,221
Villa_Berulia,0.06,0.94,167
Wine_30,0.06,0.94,189
12_Chairs,0.06,0.94,190
ABA_Turkish_Restaurant,0.07,0.93,255
Little_Owl,0.07,0.93,1016
Wondee_Siam_I,0.07,0.93,109
Lusardi_s_Restaurant,0.07,0.93,125
Luigi_s_Gourmet_Pizza,0.07,0.93,171
El_Pote_Espanol,0.07,0.93,81
East_Harlem_Bottling_Company,0.07,0.93,27
Cuba,0.07,0.93,386
La_Lanterna_di_Vittorio,0.07,0.93,302
Vietnaam_Restaurant,0.07,0.93,94
Mr_Taka_Ramen,0.07,0.93,61
Urbanspace,0.07,0.93,315
Nick_s,0.07,0.93,223
At_Nine_Restaurant_Bar,0.07,0.93,106
Gigino_Trattoria,0.07,0.93,204
Caracas_Arepa_Bar,0.07,0.93,234
NY_Luncheonette,0.07,0.93,76
Top_Hops,0.07,0.93,75
NITTIS,0.07,0.93,57
L_Atelier_De_Joel_Robuchon,0.07,0.93,73
Cask_Bar_Kitchen,0.07,0.93,126
Paul_s_Da_Burger_Joint,0.07,0.93,132
Gotham_Pizza,0.07,0.93,216
Gradisca,0.07,0.93,110
Great_Northern_Food,0.07,0.93,138
The_Roxy_Lounge,0.07,0.93,127
Tomoe_Sushi,0.07,0.93,198
Keste_Pizza_Vino,0.07,0.93,717
Cafe_Mogador,0.07,0.93,395
Gnoccheria_by_Luzzo_s,0.07,0.93,42
Epistrophy,0.07,0.93,102
Timna,0.07,0.93,57
The_Three_Monkeys,0.07,0.93,544
Khe_Yo,0.07,0.93,149
Omai,0.07,0.93,110
Danji,0.07,0.93,365
Non_Solo_Piada,0.07,0.93,46
Pokeworks,0.07,0.93,102
Johny_s_Luncheonette,0.07,0.93,304
Deep_Indian_Kitchen,0.07,0.93,107
Philip_Marie_Restaurant,0.07,0.93,579
Her_Name_Is_Han,0.07,0.93,204
TBar,0.07,0.93,125
Il_Brigante,0.07,0.93,258
Sergimmo_Salumeria,0.07,0.93,108
Hummus_Kitchen,0.07,0.93,125
Blue_Ribbon_Federal_Grill,0.07,0.93,60
Blue_Ribbon_Brasserie,0.07,0.93,260
Fred_s,0.07,0.93,298
Coppola_s,0.07,0.93,145
Coppelia,0.07,0.93,353
Le_Gigot,0.07,0.93,165
Hummus_and_Pita_Co,0.07,0.93,76
Franchia_Vegan_Cafe,0.07,0.93,338
West_Bank_Cafe,0.07,0.93,340
Alfie_s,0.07,0.93,109
Rustic_Table,0.07,0.93,486
Hatsuhana_Sushi_Restaurant,0.07,0.93,281
San_Carlo_Osteria_Piemonte,0.07,0.93,342
Dutch_Fred_s,0.07,0.93,254
Rattle_and_Hum,0.07,0.93,163
Pylos,0.07,0.93,313
Don_Filippo_Restaurant,0.07,0.93,70
Broome_Street_Bar,0.07,0.93,212
Bread_Butter_Market,0.07,0.93,160
B_Squared,0.07,0.93,94
Baccarat_Hotel_Bar,0.07,0.93,140
Hakata_Ippudo_NY,0.07,0.93,430
The_Edge_Harlem,0.07,0.93,70
Stage_Door_Deli,0.07,0.93,433
Spyglass,0.07,0.93,254
Luanne_s_Wild_Ginger,0.08,0.92,118
Z_Grill,0.08,0.92,85
Bus_Stop,0.08,0.92,186
Pisticci,0.08,0.92,228
Joseph_Leonard,0.08,0.92,172
By_CHLOE_West_Village,0.08,0.92,295
Oda_House,0.08,0.92,90
Dalton_s_Bar_Grill,0.08,0.92,130
Kashkaval,0.08,0.92,133
Calle_Dao_Bryant_Park,0.08,0.92,159
The_Pembroke_Room,0.08,0.92,90
The_Paris_Cafe,0.08,0.92,273
Perilla,0.08,0.92,157
Da_Andrea_Ristorante,0.08,0.92,251
Citizens_of_Chelsea,0.08,0.92,73
Fumo_Pizza_Bar_Pasta,0.08,0.92,50
Veselka,0.08,0.92,815
Vezzo,0.08,0.92,792
Maison_Harlem,0.08,0.92,145
La_Gioconda,0.08,0.92,121
La_Parisienne,0.08,0.92,48
Main_Noodle_House,0.08,0.92,241
Cock_Bull,0.08,0.92,393
Tony_s_Di_Napoli_Midtown,0.08,0.92,2667
Tonchin,0.08,0.92,51
Cha_Pa_s_Noodles_Grill,0.08,0.92,110
Aretsky_s_Patroon,0.08,0.92,180
Ariana_Afghan_Kabab_Restaurant,0.08,0.92,141
Trinity_Place,0.08,0.92,290
Nai_Tapas_Bar,0.08,0.92,109
Sandwicherie,0.08,0.92,195
San_Marino_Ristorante,0.08,0.92,95
Il_Gattopardo,0.08,0.92,548
Sakagura,0.08,0.92,322
Boulton_Watt,0.08,0.92,91
Tartine,0.08,0.92,142
Baker_Co,0.08,0.92,109
Banc_Cafe,0.08,0.92,155
Rice_N_Beans,0.08,0.92,102
Bond_Street,0.08,0.92,249
Distilled,0.08,0.92,127
Boqueria,0.08,0.92,945
Baekjeong_NYC,0.08,0.92,186
Jasper_s_Taphouse,0.08,0.92,76
Rafele,0.08,0.92,903
Raines_Law_Room,0.08,0.92,170
The_Ginger_Man,0.08,0.92,238
Prince_Street_Pizza,0.08,0.92,351
B_H_Dairy,0.08,0.92,85
Bistro_Les_Amis,0.08,0.92,298
Bodrum_Mediterranean_Restaurant,0.08,0.92,156
Shuka,0.08,0.92,87
ICHIRAN_Times_Square,0.08,0.92,38
Seasoned_Vegan,0.08,0.92,99
Cornerstone_Cafe,0.08,0.92,100
Lavagna,0.08,0.92,127
Land,0.08,0.92,258
Le_Parisien,0.08,0.92,276
Foxy_John_s_Bar_Kitchen,0.08,0.92,190
Covina,0.08,0.92,132
Fresh_and_Co,0.08,0.92,126
Westville_Chelsea,0.08,0.92,169
Wah_Fung_Fast_Food,0.09,0.91,46
Ajisen_Ramen,0.09,0.91,117
Forlini_s_Restaurant,0.09,0.91,606
Amelia_s_Restaurant,0.09,0.91,131
STATE_Grill_and_Bar,0.09,0.91,245
Rosario_s_Pizzeria,0.09,0.91,64
SuteiShi,0.09,0.91,91
White_Oak_Tavern,0.09,0.91,105
Adrienne_s_Pizzabar,0.09,0.91,555
Hillstone_Midtown,0.09,0.91,362
IL_Melograno,0.09,0.91,216
Blue_Dog_Cookhouse_Bar,0.09,0.91,339
Bistro_Vendome,0.09,0.91,113
Shorty_s,0.09,0.91,151
Blue_Ribbon_Sushi_Bar_Grill,0.09,0.91,265
Dulce_Vida_Latin_Bistro,0.09,0.91,64
IPPUDO_5TH_AVENUE,0.09,0.91,56
Bettolona,0.09,0.91,70
Hourglass_Tavern,0.09,0.91,497
Taboon,0.09,0.91,349
Tacombi_Nolita,0.09,0.91,329
Eisenberg_s_Sandwich_Shop,0.09,0.91,366
Thaimee_Table,0.09,0.91,127
Bluestone_Lane,0.09,0.91,150
Sweet_Chick,0.09,0.91,259
Takashi,0.09,0.91,99
The_Bluebell_Cafe,0.09,0.91,232
Fat_Cat,0.09,0.91,93
Mary_s_Fish_Camp,0.09,0.91,165
Claw_Daddy_s,0.09,0.91,100
Aldo_Sohm_Wine_Bar,0.09,0.91,127
Masseria_Dei_Vini,0.09,0.91,426
Mozzarella_Vino,0.09,0.91,317
Mermaid_Inn,0.09,0.91,176
Kung_Fu_Little_Steamed_Buns_Ramen,0.09,0.91,338
Murray_s_Cheese_Bar,0.09,0.91,321
Orso,0.09,0.91,433
Omar_s_Kitchen_Bakery,0.09,0.91,77
Pizzeria_Sirenetta,0.09,0.91,65
Jin_Ramen,0.09,0.91,118
Judge_Roy_Bean_Public_House,0.09,0.91,125
Byblos_Restaurant,0.09,0.91,116
Pepolino,0.09,0.91,490
Pio_Pio_6,0.09,0.91,296
The_Little_Beet,0.09,0.91,69
The_Leopard_at_des_Artistes,0.09,0.91,266
The_Musket_Room,0.09,0.91,279
The_Meatball_Shop,0.09,0.91,1401
The_Perfect_Pint,0.09,0.91,1312
The_Rag_Trader,0.09,0.91,128
Perrine,0.09,0.91,91
Patzeria_Perfect_Pizza,0.09,0.91,1024
Joe_s_Pizza,0.09,0.91,309
Don_Angie,0.09,0.91,56
Don_s_Bogam_BBQ_Wine_Bar,0.09,0.91,149
BXL_Zoute,0.09,0.91,102
Pret_A_Manger,0.09,0.91,1184
The_House_of_Brews,0.09,0.91,404
BXL_Cafe,0.09,0.91,324
Jean_Claude_2,0.09,0.91,101
Red_Farm,0.09,0.91,922
Brunetti_Pizza,0.09,0.91,100
Briciola,0.09,0.91,212
Raoul_s,0.09,0.91,332
Radio_City_Pizza,0.09,0.91,77
Racines,0.09,0.91,64
District_Tap_House,0.09,0.91,181
Robert,0.09,0.91,1201
Au_Za_atar,0.09,0.91,143
The_Soho_Grand_Bar_Lounge,0.09,0.91,138
Da_Claudio_Ristorante,0.09,0.91,140
North_Square_Restaurant_Lounge,0.09,0.91,225
Nippori,0.09,0.91,123
Two_Hands,0.09,0.91,222
Arturo_s,0.09,0.91,265
Uncle_Paul_s_Pizza,0.09,0.91,618
Toloache_Upper_East_Side,0.09,0.91,164
Vitae,0.09,0.91,306
Mandoo_Bar,0.09,0.91,177
Flor_De_Mayo_Restaurant,0.09,0.91,125
Crave_Fishbar,0.09,0.91,379
Cowgirl_Seahorse,0.09,0.91,196
Little_Italy_Pizza,0.09,0.91,184
Feast,0.09,0.91,68
Tiella,0.09,0.91,101
Etcetera_Etcetera,0.09,0.91,462
Times_Square_Diner_Grill,0.09,0.91,1856
Gotham_Bar_Grill,0.09,0.91,1481
Tia_Pol,0.09,0.91,177
Barn_Joo_35,0.1,0.9,173
Balaboosta,0.1,0.9,236
Havana_NY,0.1,0.9,219
Ruby_s,0.1,0.9,203
Barney_Greengrass,0.1,0.9,456
Basta_Pasta,0.1,0.9,185
Tappo,0.1,0.9,223
Teddy_s_Bar_and_Grill,0.1,0.9,62
Tasty_Hand_Pulled_Noodles,0.1,0.9,267
Sobaya,0.1,0.9,86
Dudley_s,0.1,0.9,222
Foragers,0.1,0.9,173
Souvlaki_GR,0.1,0.9,140
Bistango_at_the_Kimberly_Hotel,0.1,0.9,194
ABC_Cocina,0.1,0.9,583
2_Bros_Pizza,0.1,0.9,152
Birdland,0.1,0.9,223
Westway_Diner,0.1,0.9,1749
Wasabi_Sushi_Bento,0.1,0.9,219
2nd_Avenue_Deli,0.1,0.9,1062
Thai_Market,0.1,0.9,126
Rosie_s,0.1,0.9,104
Eats,0.1,0.9,156
Benjamin_Steakhouse_Prime,0.1,0.9,200
Samwon_Garden_Korean_BBQ,0.1,0.9,62
Earl_s_Beer_and_Cheese,0.1,0.9,73
Sake_Bar_Hagi,0.1,0.9,173
Sauce_Barrel,0.1,0.9,106
Shanghai_21,0.1,0.9,228
Highlands,0.1,0.9,91
Ed_s_Lobster_Bar,0.1,0.9,10
Sushi_Yasaka,0.1,0.9,213
Le_Bateau_Ivre,0.1,0.9,248
La_Pulperia,0.1,0.9,221
Cookshop,0.1,0.9,940
Freddie_and_Pepper_s,0.1,0.9,155
Almanac,0.1,0.9,40
Blackwell_s_Pub_and_Restaurant,0.1,0.9,126
Hudson_Clearwater,0.1,0.9,181
Hundred_Acres,0.1,0.9,265
Smith_s_Bar_and_Restaurant,0.1,0.9,10
Rahi,0.1,0.9,70
Red_Peony,0.1,0.9,30
Dig,0.1,0.9,105
KazuNori,0.1,0.9,61
Excellent_Dumpling_House,0.1,0.9,534
The_MasalaWala,0.1,0.9,319
Guantanamera,0.1,0.9,532
The_Mermaid_Inn,0.1,0.9,309
Pepe_Giallo,0.1,0.9,183
John_Sullivan_s_Bar_Grill,0.1,0.9,10
PizzArte,0.1,0.9,804
Buceo_95,0.1,0.9,103
Buddakan,0.1,0.9,3467
Cafe_Cluny,0.1,0.9,283
Jubilee,0.1,0.9,219
Jongro_BBQ,0.1,0.9,312
Buvette_Gastrotheque,0.1,0.9,705
Perry_St,0.1,0.9,286
Joe_G_s_Restaurant_Italiano,0.1,0.9,172
Jack_s_Wife_Freda,0.1,0.9,846
Ribalta_Pizza,0.1,0.9,325
Refinery_Rooftop,0.1,0.9,614
Dim_Sum_Palace,0.1,0.9,272
Red_Mango,0.1,0.9,10
Qi_Thai_Comfort_Food,0.1,0.9,10
Jane,0.1,0.9,362
Ella_Social,0.1,0.9,130
Emmett_s,0.1,0.9,79
The_Half_Pint,0.1,0.9,111
BCD_Tofu_House,0.1,0.9,155
The_Dead_Rabbit,0.1,0.9,1134
The_Campbell,0.1,0.9,218
Burger_Lobster,0.1,0.9,870
John_s_of_Bleecker_Street,0.1,0.9,1433
Trattoria_Trecolori,0.1,0.9,2417
Upland,0.1,0.9,536
Gato,0.1,0.9,655
Feinstein_s_54_Below,0.1,0.9,341
Cascade_Cafe,0.1,0.9,101
The_Standard_Biergarten,0.1,0.9,355
Carmine_s_Italian_Restaurant_Times_Square,0.1,0.9,6984
Toloache,0.1,0.9,1895
PRINT,0.1,0.9,884
Ovest_Pizzoteca,0.1,0.9,135
Park_Avenue_Tavern,0.1,0.9,419
Cafe_Cranberry,0.1,0.9,526
Pascalou,0.1,0.9,222
Dell_anima,0.1,0.9,156
Ess_a_Bagel,0.1,0.9,1306
Murray_Hill_Diner,0.1,0.9,539
Gabby_O_Hara_s,0.1,0.9,100
Faces_and_Names,0.1,0.9,273
Famiglia_Pizzeria,0.1,0.9,112
Molly_s_Pub_Restaurant,0.1,0.9,201
L_Adresse,0.1,0.9,134
Anejo,0.1,0.9,309
Friedman_s_Lunch,0.1,0.9,344
Friedman_s,0.1,0.9,1169
La_Masseria,0.1,0.9,1431
An_nam,0.1,0.9,208
Angel_s_Share,0.1,0.9,71
Fish,0.1,0.9,195
Fine_and_Rare,0.1,0.9,91
Zoob_Zib_Thai_Authentic_Noodle_Bar,0.1,0.9,163
Yakitori_Totto,0.1,0.9,200
94_Corner_Cafe,0.1,0.9,91
Akdeniz,0.11,0.89,132
Victor_s_Cafe,0.11,0.89,645
Le_Grainne_Cafe,0.11,0.89,187
Le_Zie,0.11,0.89,141
Fanelli_Cafe,0.11,0.89,186
Felice_15_Gold_Street,0.11,0.89,223
Vai,0.11,0.89,125
Via_Brasil_Restaurant,0.11,0.89,219
La_Mirabelle,0.11,0.89,199
Tamarind_Tribeca,0.11,0.89,632
Employees_Only,0.11,0.89,313
Tribeca_s_Kitchen,0.11,0.89,201
Tony_s_Di_Napoli,0.11,0.89,589
Tommy_Bahama_Restaurant_Bar_Store,0.11,0.89,431
Tiny_s_The_Bar_Upstairs,0.11,0.89,197
Tir_na_Nog_31st_St,0.11,0.89,260
Little_Park,0.11,0.89,193
The_Malt_House,0.11,0.89,185
Fabio_Cucina_Italiana,0.11,0.89,205
Lido,0.11,0.89,9
Giorgio_s_of_Gramercy,0.11,0.89,231
La_Grenouille,0.11,0.89,788
La_Pizza,0.11,0.89,79
D_J_Reynolds,0.11,0.89,179
The_Bar_Room,0.11,0.89,123
Thalassa,0.11,0.89,140
Madame_Vo,0.11,0.89,57
Tessa,0.11,0.89,278
Balvanera,0.11,0.89,65
The_Brazen_Tavern,0.11,0.89,84
Clement_at_The_Peninsula_New_York,0.11,0.89,190
The_Capital_Grille,0.11,0.89,311
The_Flatiron_Room,0.11,0.89,154
The_Crooked_Knife,0.11,0.89,252
The_Keg_Room,0.11,0.89,621
Macao_Trading_Co,0.11,0.89,179
The_Grey_Dog,0.11,0.89,148
Elephant_Castle,0.11,0.89,139
The_Landmark_Tavern,0.11,0.89,272
Kung_Fu_Kitchen,0.11,0.89,137
Don_Antonio,0.11,0.89,1443
Bubby_s,0.11,0.89,1132
Bohemian,0.11,0.89,66
Inatteso_Pizzabar,0.11,0.89,188
Mighty_Quinn_s_Barbeque,0.11,0.89,631
Bocado_Wine_Bar_Restaurant,0.11,0.89,154
Sangria_46,0.11,0.89,456
Meme_Mediterranean,0.11,0.89,295
Ricardo_Steakhouse,0.11,0.89,119
Ivy_Bar_Grill,0.11,0.89,133
Ipanema_Restaurant,0.11,0.89,394
Minton_s,0.11,0.89,121
Rainbow_Room,0.11,0.89,583
Cho_Dang_Gol,0.11,0.89,232
Brass_Monkey,0.11,0.89,220
Scotty_s_Diner,0.11,0.89,1570
Hole_In_The_Wall,0.11,0.89,74
Hu_Kitchen,0.11,0.89,167
Blue_Smoke_Battery_Park_City,0.11,0.89,466
Shanghai_Asian_Cuisine,0.11,0.89,178
Match_65_Brasserie,0.11,0.89,316
Marc_Forgione,0.11,0.89,334
McDonald_s,0.11,0.89,9
Cielo_at_the_Mayfair,0.11,0.89,255
Storico,0.11,0.89,201
Star_on_18,0.11,0.89,81
Malibu_Diner,0.11,0.89,433
Beauty_Essex,0.11,0.89,1919
Eataly,0.11,0.89,3599
Tacombi,0.11,0.89,125
Barbalu_Restaurant,0.11,0.89,110
Cupping_Room_Cafe,0.11,0.89,438
Jules_Bistro,0.11,0.89,127
Ootoya,0.11,0.89,219
O_Reilly_s_Bar_Kitchen,0.11,0.89,296
Nocello,0.11,0.89,367
Natsumi,0.11,0.89,603
Carroll_Place,0.11,0.89,131
Candle_Cafe_West,0.11,0.89,175
Zero_Otto_Nove,0.11,0.89,233
West_End_Bar_Grill,0.11,0.89,319
ABC_Kitchen,0.11,0.89,1513
ABCV,0.11,0.89,75
Five_Senses,0.11,0.89,119
99_Cent_Fresh_Pizza,0.11,0.89,214
Neta,0.11,0.89,109
New_York_Luncheonette,0.11,0.89,875
Nix,0.11,0.89,201
Castell_Rooftop_Lounge,0.11,0.89,19
Penelope,0.11,0.89,882
DeGrezia_Ristorante,0.11,0.89,149
Cafe_28,0.11,0.89,126
Palma,0.11,0.89,370
Popeyes_Louisiana_Kitchen,0.11,0.89,9
Tavern_29,0.12,0.88,141
Glass_House_Tavern,0.12,0.88,784
The_Press_Lounge,0.12,0.88,283
Augustine,0.12,0.88,241
Avra_Estiatorio,0.12,0.88,941
The_Marshal,0.12,0.88,279
The_Polo_Bar,0.12,0.88,546
The_Odeon,0.12,0.88,394
Villa_Mosconi,0.12,0.88,191
GMT_Tavern,0.12,0.88,154
Zio_Ristorante,0.12,0.88,94
Tavola,0.12,0.88,710
Majorelle,0.12,0.88,72
Balade,0.12,0.88,137
The_Bao,0.12,0.88,104
The_Boil,0.12,0.88,166
Empellon_Taqueria,0.12,0.88,170
The_Grange_Bar_Eatery,0.12,0.88,155
Elmo,0.12,0.88,238
Eleven_Madison_Park,0.12,0.88,2030
Emilio_s_Ballato,0.12,0.88,284
Ayza_Wine_Chocolate_Bar,0.12,0.88,455
Lil_Frankie_s,0.12,0.88,178
Upstairs_at_the_Kimberly,0.12,0.88,283
Uva,0.12,0.88,411
Valbella,0.12,0.88,226
Tir_na_Nog_39th_St,0.12,0.88,618
Totto_Ramen,0.12,0.88,867
Trattoria_Dell_Arte,0.12,0.88,1508
Trademark_Taste_Grind,0.12,0.88,156
Arco_Cafe,0.12,0.88,115
Artichoke_Basille_s_Pizza,0.12,0.88,942
Untitled_at_the_Whitney,0.12,0.88,394
Sotto_13,0.12,0.88,118
Marcony,0.12,0.88,182
Mastro_s_Steakhouse,0.12,0.88,545
I_Sodi,0.12,0.88,187
Scarpetta,0.12,0.88,792
Benny_s_Burritos,0.12,0.88,131
Hwa_Yuan,0.12,0.88,65
Speedy_s_Fresh_Food_Cafe,0.12,0.88,67
Churrascaria_Plataforma,0.12,0.88,979
Jeffrey_s_Grocery,0.12,0.88,125
Isle_of_Capri,0.12,0.88,198
Saju_Bistro,0.12,0.88,1148
Salinas,0.12,0.88,232
Sadelle_s,0.12,0.88,274
Russian_Samovar,0.12,0.88,250
Rosemary_s,0.12,0.88,474
Boulud_Sud,0.12,0.88,797
Sanctuary_T,0.12,0.88,138
Sant_Ambroeus,0.12,0.88,526
Salumeria_Rosi,0.12,0.88,262
Sam_s_Place,0.12,0.88,271
Il_Tinello_Ristorante,0.12,0.88,329
EJ_s_Luncheonette,0.12,0.88,188
Mexicue,0.12,0.88,252
Metro_Diner,0.12,0.88,304
Sapori_D_Italia,0.12,0.88,100
Bocca_Di_Bacco,0.12,0.88,116
BoCaphe,0.12,0.88,50
Claudette,0.12,0.88,191
El_Parador_Cafe,0.12,0.88,181
Barn_Joo,0.12,0.88,138
Supper_Restaurant,0.12,0.88,198
Souvlaki_Gr,0.12,0.88,281
Il_Cantinori,0.12,0.88,180
Pig_and_Khao,0.12,0.88,154
Buddha_Bodai_Kosher_Vegetarian_Restaurant,0.12,0.88,145
Petrossian_Boutique_Cafe,0.12,0.88,124
Morning_Star_Cafe,0.12,0.88,347
Pio_Pio_8,0.12,0.88,459
Bubby_s_High_Line,0.12,0.88,826
Prune,0.12,0.88,349
La_Bonne,0.12,0.88,718
Creamline,0.12,0.88,126
Crompton_Ale_House,0.12,0.88,161
Chai_Thai_Kitchen,0.12,0.88,242
Osteria_Morini,0.12,0.88,589
Osteria_al_Doge,0.12,0.88,912
PJ_Carney_s,0.12,0.88,179
P_S_Kitchen,0.12,0.88,150
Parker_Quinn,0.12,0.88,766
Pastrami_Queen,0.12,0.88,330
Periyali,0.12,0.88,195
Pepe_Rosso_Social,0.12,0.88,96
By_CHLOE_Rock_Center,0.12,0.88,80
Pete_s_Tavern,0.12,0.88,360
Molyvos,0.12,0.88,930
Cacio_e_Vino,0.12,0.88,104
Nizza,0.12,0.88,844
Calle_Ocho,0.12,0.88,400
King_Cole_Bar,0.12,0.88,225
Candle_Cafe,0.12,0.88,274
Oceana_Restaurant,0.12,0.88,981
O_Lunney_s,0.12,0.88,810
O_Donoghue_s_Pub_and_Restaurant,0.12,0.88,696
Kodama_Sushi,0.12,0.88,295
LA_SIRENE,0.12,0.88,171
Woorijip,0.12,0.88,122
5_Napkin_Burger_Hell_s_Kitchen,0.12,0.88,2485
Nirvana,0.12,0.88,304
44_X,0.12,0.88,620
Almond,0.12,0.88,276
9_Ten_Restaurant,0.12,0.88,191
Zabar_Deli_Gourmet_Foods,0.12,0.88,340
Fraunces_Tavern,0.13,0.87,1022
The_Egg_Shop,0.13,0.87,216
Fairway_Cafe,0.13,0.87,270
Frying_Pan_NYC,0.13,0.87,148
George_s_Restaurant,0.13,0.87,649
Amy_Ruth_s_Home_Style_Southern_Cuisine,0.13,0.87,553
Antique_Garage,0.13,0.87,263
Antonucci,0.13,0.87,125
Neapolitan_Express,0.13,0.87,46
Gee_Whiz_Diner,0.13,0.87,163
Gelso_Grand,0.13,0.87,464
Mustang_Harry_s,0.13,0.87,357
Capizzi,0.13,0.87,182
Armani_Ristorante,0.13,0.87,193
Le_CouCou_Restaurant,0.13,0.87,446
Ashley_s_Fine_Foods,0.13,0.87,304
Feile,0.13,0.87,125
Carmine_s_Italian_Restaurant_Upper_West_Side,0.13,0.87,1184
Naya_Mezze_Grill,0.13,0.87,161
Cowgirl,0.13,0.87,190
The_Long_Room,0.13,0.87,447
OCabanon,0.13,0.87,200
The_Irish_American_Pub,0.13,0.87,277
Lilly_s_craft_and_kitchen,0.13,0.87,103
Limani,0.13,0.87,335
Da_Marino_Restaurant,0.13,0.87,2334
Da_Umberto,0.13,0.87,163
Knickerbocker_Bar_Grill,0.13,0.87,350
The_Rum_House,0.13,0.87,461
The_Smith,0.13,0.87,3453
The_Strand_Bistro,0.13,0.87,158
The_Top_of_The_Standard,0.13,0.87,497
Toscana_49,0.13,0.87,533
Crave_Fishbar_Upper_West,0.13,0.87,105
The_Dining_Room,0.13,0.87,246
Gyu_Kaku_Japanese_BBQ,0.13,0.87,573
Empellon_Al_Pastor_Pod_39,0.13,0.87,155
Lillie_s_Victorian_Establishment,0.13,0.87,1119
Square_Diner,0.13,0.87,157
St_Cloud_Rooftop,0.13,0.87,268
Beer_Authority,0.13,0.87,605
Biricchino,0.13,0.87,147
Sean_s_Bar_And_Kitchen,0.13,0.87,314
Sen_Sakana,0.13,0.87,142
Senza_Gluten,0.13,0.87,393
Pershing_Square,0.13,0.87,2016
Bustan_NYC,0.13,0.87,150
Temple_Court,0.13,0.87,239
Barbuto,0.13,0.87,460
Emporium_Brasil,0.13,0.87,184
Balthazar,0.13,0.87,2415
Cafe_Luxembourg,0.13,0.87,529
Hendriks,0.13,0.87,171
Bareburger,0.13,0.87,573
Bathtub_Gin,0.13,0.87,337
La_Esquina_SoHo,0.13,0.87,706
Haru,0.13,0.87,534
Clinton_St_Baking_Company_Restaurant,0.13,0.87,952
The_Counter,0.13,0.87,901
The_Churchill,0.13,0.87,123
The_Bar_Downstairs_and_Kitchen,0.13,0.87,198
Bann,0.13,0.87,245
Connolly_s_Pub_Restaurant,0.13,0.87,1415
Ortzi_NYC,0.13,0.87,101
Comfort_Diner,0.13,0.87,910
Bombay_Grill_House,0.13,0.87,98
Malatesta_Trattoria,0.13,0.87,167
Cacio_e_Pepe,0.13,0.87,135
Rocco_Steakhouse,0.13,0.87,167
MoMA_s_Cafe_2,0.13,0.87,268
Pongsri_Thai_Restaurant,0.13,0.87,581
Ivan_Ramen,0.13,0.87,320
Remedy_Diner,0.13,0.87,199
Le_Rivage,0.13,0.87,776
Coppola_s_Pizzeria_Restaurant,0.13,0.87,376
Alta,0.13,0.87,389
West_Side_Steakhouse,0.13,0.87,634
Yum_Yum_Too,0.13,0.87,348
Joe_Allen,0.13,0.87,911
Jean_Georges,0.13,0.87,1521
Jeremy_s_Ale_House,0.13,0.87,87
Indian_Project,0.13,0.87,123
Pig_N_Whistle_On_36th,0.13,0.87,163
Pig_Whistle_on_3rd,0.13,0.87,143
Ilili,0.13,0.87,751
Megu,0.13,0.87,126
Mike_s_Bistro,0.13,0.87,174
Moonstruck_Diner,0.13,0.87,61
Morandi,0.13,0.87,409
Mari_Vanna,0.13,0.87,252
Momofuku_Ssam_Bar,0.13,0.87,509
Del_Posto,0.13,0.87,1320
Delicatessen,0.13,0.87,324
Benito_One,0.13,0.87,1037
Dim_Sum_Go_Go,0.13,0.87,310
Delmonico_s,0.13,0.87,835
Heidelberg_Restaurant,0.13,0.87,253
Blue_Ribbon_Sushi_Izakaya,0.13,0.87,108
Marseille,0.13,0.87,1029
Sarge_s_Delicatessen_Diner,0.13,0.87,759
Cafe_Boulud,0.13,0.87,972
Marta,0.13,0.87,652
Scallywags_Irish_Pub_and_Restaurant,0.13,0.87,205
Emily_West_Village,0.14,0.86,90
The_Greek_Tribeca,0.14,0.86,111
The_NoMad_Restaurant,0.14,0.86,800
The_Pennsy,0.14,0.86,141
Darbar,0.14,0.86,280
Obica_Mozzarella_Bar_Flatiron,0.14,0.86,170
Extra_Virgin,0.14,0.86,243
Greek_Kitchen,0.14,0.86,244
Lincoln_Ristorante,0.14,0.86,528
The_Milling_Room,0.14,0.86,209
Le_Coq_Rico_NYC,0.14,0.86,214
Arriba_Arriba_Mexican_Restaurant,0.14,0.86,99
Union_Square_Cafe,0.14,0.86,1137
Murphy_s_Tavern,0.14,0.86,151
Via_Carota,0.14,0.86,285
Niles_Bar_Restaurant,0.14,0.86,616
Mulligan_s_Pub,0.14,0.86,166
Vic_s,0.14,0.86,130
Treehaus,0.14,0.86,172
Casa_Mono,0.14,0.86,382
Freemans_Restaurant,0.14,0.86,487
Nomad_Restaurant,0.14,0.86,139
Le_Colonial,0.14,0.86,299
Le_Baratin,0.14,0.86,81
Lazzara_s_Pizza_Cafe,0.14,0.86,186
Trading_Post,0.14,0.86,163
The_Harold,0.14,0.86,528
Dos_Toros_Taqueria,0.14,0.86,106
Blue_Smoke_Flatiron,0.14,0.86,745
Blue_Hill,0.14,0.86,582
Soup_Stop,0.14,0.86,7
Black_Tap,0.14,0.86,1191
Pera_Soho,0.14,0.86,228
Pazza_Notte,0.14,0.86,792
Bea,0.14,0.86,319
El_Quijote,0.14,0.86,254
Sushi_Yasuda,0.14,0.86,514
El_Vez_and_Burrito_Bar,0.14,0.86,291
Mamasita_Bar_Grill,0.14,0.86,168
Pergola_Des_Artistes,0.14,0.86,326
Maloney_Porcelli,0.14,0.86,661
Bar_SixtyFive,0.14,0.86,734
Havana_Central_Restaurant_Rum_Bar,0.14,0.86,1565
Palace_Restaurant,0.14,0.86,184
Lure_Fishbar,0.14,0.86,501
Bar_Primi,0.14,0.86,173
Luna_Piena_Ristorante,0.14,0.86,252
Lupa_Osteria_Romana,0.14,0.86,785
Koi,0.14,0.86,651
The_Crosby_Bar,0.14,0.86,180
Harry_s,0.14,0.86,309
Pampano_New_York,0.14,0.86,289
Cafe_Gitane,0.14,0.86,205
Paola_s_Restaurant,0.14,0.86,264
Tarallucci_e_Vino_Union_Square,0.14,0.86,125
Bill_s_Townhouse,0.14,0.86,139
Del_Frisco_s_Double_Eagle_Steakhouse,0.14,0.86,1173
Molly_Wee_Pub,0.14,0.86,174
Rossini_s_Restaurant,0.14,0.86,404
McHale_s_Bar_Grill,0.14,0.86,433
Metro_Grill,0.14,0.86,261
EN_Japanese_Brasserie,0.14,0.86,229
Bocca_di_Bacco,0.14,0.86,471
Marea,0.14,0.86,1709
Davios_Northern_Italian_Steakhouse,0.14,0.86,353
Motorino,0.14,0.86,235
Maria_Pia,0.14,0.86,623
MarkJoseph_Steakhouse,0.14,0.86,156
Saxon_and_Parole,0.14,0.86,264
Mas_farmhouse,0.14,0.86,210
Mom_s_Kitchen_Bar,0.14,0.86,118
Monkey_Bar,0.14,0.86,515
Ritz_Diner,0.14,0.86,325
Brasserie_8_1_2,0.14,0.86,367
Ravagh_Persian_Grill,0.14,0.86,342
Chimichurri_Grill,0.14,0.86,221
Chola,0.14,0.86,155
Miss_Lily_s,0.14,0.86,240
Pomodoro_Rosso,0.14,0.86,260
Porteno,0.14,0.86,148
Remi,0.14,0.86,543
Jackson_Hole_Burgers,0.14,0.86,568
John_s_of_12th_Street,0.14,0.86,317
Bread_Tulips,0.14,0.86,219
Burger_Barrel,0.14,0.86,194
John_s_of_Times_Square,0.14,0.86,1934
Brendan_s_Bar_Grill,0.14,0.86,752
Virgil_s_Real_BBQ_Times_Square,0.14,0.86,1626
Fogo_de_Chao_Brazilian_Steakhouse,0.14,0.86,619
Whole_Foods_Market,0.14,0.86,93
Cafe_d_Alsace,0.15,0.85,323
Apotheke,0.15,0.85,182
New_York_Beer_Company,0.15,0.85,288
Nobu,0.15,0.85,2075
Angelo_s_Pizza,0.15,0.85,1807
ViceVersa,0.15,0.85,335
Amsterdam_Ale_House,0.15,0.85,289
Rancho_Tequileria,0.15,0.85,125
Aldea,0.15,0.85,289
View_Of_The_World,0.15,0.85,94
Quality_Meats,0.15,0.85,1552
R_Lounge_at_Two_Times_Square,0.15,0.85,484
Casa_Nonna,0.15,0.85,571
Carragher_s_Pub_Restaurant,0.15,0.85,470
Aquavit,0.15,0.85,413
Larb_Ubol,0.15,0.85,114
Tout_Va_Bien,0.15,0.85,389
Chez_Josephine,0.15,0.85,818
Ulivo,0.15,0.85,87
Galli,0.15,0.85,190
Avra_Madison_Estiatorio,0.15,0.85,279
Azalea_Ristorante,0.15,0.85,711
The_Skylark,0.15,0.85,241
The_Stagecoach_Tavern,0.15,0.85,379
Ruth_s_Chris_Steak_House,0.15,0.85,1137
Gigino_Wagner_Park,0.15,0.85,297
Riverpark,0.15,0.85,330
Topaz_Thai_Restaurant,0.15,0.85,538
Rosa_Mexicano_Union_Square,0.15,0.85,350
Rosa_Mexicano,0.15,0.85,1070
Room_Service,0.15,0.85,312
Cellini,0.15,0.85,389
Ceci_Italian_Restaurant_Bar,0.15,0.85,535
Pescatore,0.15,0.85,206
Mercury_Bar,0.15,0.85,130
Merchants_River_House,0.15,0.85,285
Margherita_NYC,0.15,0.85,129
Bobo,0.15,0.85,165
Little_Prince,0.15,0.85,151
Wollensky_s_Grill,0.15,0.85,230
Hill_Country_Barbecue_Market,0.15,0.85,750
Eataly_Downtown,0.15,0.85,999
Bella_Blu,0.15,0.85,230
Bella_Luna,0.15,0.85,141
Via_Quadronno,0.15,0.85,235
Agern,0.15,0.85,169
Wagamama,0.15,0.85,155
Lexington_Candy_Shop,0.15,0.85,200
Croton_Reservoir_Tavern,0.15,0.85,184
La_Boite_en_Bois,0.15,0.85,242
Coco_Cru,0.15,0.85,74
Hearth,0.15,0.85,254
David_s_Cafe,0.15,0.85,34
BLT_Steak,0.15,0.85,448
The_Grand_Tier_Restaurant,0.15,0.85,309
Sinigual,0.15,0.85,339
Il_Buco_Alimentari,0.15,0.85,347
Max_Brenner_NYC,0.15,0.85,1401
Ping_s,0.15,0.85,225
Old_Town_Bar,0.15,0.85,146
Smoke_Jazz_Club,0.15,0.85,312
Cafe_Sabarsky,0.15,0.85,533
Tender_Restaurant,0.15,0.85,237
Big_Daddy_s,0.15,0.85,406
DB_Bistro_Moderne,0.15,0.85,1167
La_Pecora_Bianca,0.15,0.85,266
La_Nonna_Restaurant,0.15,0.85,290
Manhattan_Diner,0.15,0.85,361
Batard,0.15,0.85,282
Famous_Famiglia_Pizzeria,0.15,0.85,333
Benjamin_Steakhouse,0.15,0.85,1717
Caffe_Palermo,0.15,0.85,396
Wonton_Noodle_Garden,0.15,0.85,122
Pax_Wholesome_Foods,0.16,0.84,174
Black_Barn,0.16,0.84,227
Hunt_Fish_Club,0.16,0.84,332
Il_Violino,0.16,0.84,232
The_Fat_Radish,0.16,0.84,193
Hakkasan_New_York,0.16,0.84,857
Just_Salad,0.16,0.84,73
Taverna_Kyclades_East_Village,0.16,0.84,128
Cafe_Fiorello,0.16,0.84,1155
Patsy_s_Pizza_74th_Street,0.16,0.84,271
Bedford_Co,0.16,0.84,160
Barbounia,0.16,0.84,341
Mangia,0.16,0.84,136
Maison_Kayser_UWS,0.16,0.84,187
Maialino_Resturant,0.16,0.84,825
Bistecca_Fiorentina,0.16,0.84,185
Kefi,0.16,0.84,341
Community_Food_Juice,0.16,0.84,200
Ousia,0.16,0.84,94
The_Palm_Palm_West,0.16,0.84,568
Thyme_Tonic,0.16,0.84,195
Atlantic_Grill,0.16,0.84,475
Miss_Korea_BBQ,0.16,0.84,423
Il_Mulino_New_York,0.16,0.84,427
Bodega_Negra,0.16,0.84,187
Loeb_Boathouse_Central_Park,0.16,0.84,2813
Piacere,0.16,0.84,204
Morton_s_The_Steakhouse,0.16,0.84,916
Harlem_Shake,0.16,0.84,263
Harlem_Tavern,0.16,0.84,249
Brazil_Brazil,0.16,0.84,515
The_Red_Flame_Diner,0.16,0.84,1824
Casa_Lever,0.16,0.84,233
Turkish_Kitchen,0.16,0.84,254
FIG_OLIVE,0.16,0.84,1750
Playwright_Celtic_Pub,0.16,0.84,800
Please_Don_t_Tell,0.16,0.84,380
Caravaggio_Restaurant,0.16,0.84,162
Gemma,0.16,0.84,341
Cherche_Midi,0.16,0.84,193
Minetta_Tavern,0.16,0.84,830
Asiate,0.16,0.84,664
Joe_s_Shanghai,0.16,0.84,1152
Jams,0.16,0.84,405
21_Club,0.16,0.84,1075
Nino_s_46,0.16,0.84,325
Vandal,0.16,0.84,368
810_Deli_Incorporated,0.16,0.84,312
Zuma,0.16,0.84,486
New_Wonjo_Restaurant,0.16,0.84,301
Quality_Italian,0.16,0.84,717
Patsy_s_Pizza,0.16,0.84,238
Chazz_Palminteri_Italian_Restaurant,0.16,0.84,229
The_Dutch,0.16,0.84,675
Paul_s_on_Times_Square,0.16,0.84,199
O_Reilly_s_Pub_Restaurant,0.16,0.84,183
Del_Frisco_s_Grille,0.16,0.84,758
Shanghai_Cafe,0.16,0.84,249
Mama_Mia_44sw,0.16,0.84,219
Oscar_Wilde_Restaurant_Bar,0.16,0.84,133
Blue_Bar,0.16,0.84,178
Friedmans,0.16,0.84,329
Indochine,0.17,0.83,249
Wolf_Lamb_Steakhouse,0.17,0.83,150
SuperNova,0.17,0.83,279
Wo_Hop,0.17,0.83,898
Ai_Fiori,0.17,0.83,849
Bistro_Milano,0.17,0.83,451
Serafina_Fabulous_Pizza_79th,0.17,0.83,200
Sevilla_Restaurant_Bar,0.17,0.83,266
Pig_n_Whistle,0.17,0.83,569
O_Brien_s_Irish_Pub_Restaurant,0.17,0.83,471
Il_Piccolo_Bufalo,0.17,0.83,322
Obica_Mozzarella_Bar_Madison_Avenue,0.17,0.83,112
Legends_New_York_City,0.17,0.83,236
Manzo,0.17,0.83,278
Stella_34_Trattoria,0.17,0.83,679
Strip_House,0.17,0.83,1011
KFC,0.17,0.83,6
Maison_Kayser,0.17,0.83,173
Barawine,0.17,0.83,111
Empire_Steak_House,0.17,0.83,423
BarBacon,0.17,0.83,302
Tom_s_Delicious_Pizza,0.17,0.83,6
Good_Stuff_Diner,0.17,0.83,144
Chipotle_Mexican_Grill,0.17,0.83,196
Le_District,0.17,0.83,314
Good_Enough_to_Eat,0.17,0.83,585
Gnocco,0.17,0.83,121
Jack_Doyle_s,0.17,0.83,299
Reichenbach_Hall,0.17,0.83,333
Sal_s_Little_Italy,0.17,0.83,217
Morning_Star_Restaurant,0.17,0.83,366
Root_Bone,0.17,0.83,179
Laut,0.17,0.83,209
Vinateria,0.17,0.83,106
Don_Giovanni,0.17,0.83,586
Lafayette_Grand_Cafe_and_Bakery,0.17,0.83,487
Insomnia_Cookies,0.17,0.83,6
Industry_Kitchen,0.17,0.83,267
Tulsi,0.17,0.83,213
Red_Rooster_Harlem,0.17,0.83,1849
Novita,0.17,0.83,167
Europa_Cafe,0.17,0.83,487
One_World_Observatory_Restaurant,0.17,0.83,272
Tonic_Times_Square,0.17,0.83,144
Cafe_China,0.17,0.83,462
The_Flame_Diner,0.17,0.83,141
Aureole_at_Home,0.17,0.83,964
Porter_House,0.17,0.83,777
Premier_Cafe,0.17,0.83,264
Mercato,0.17,0.83,694
Brasserie_Cognac,0.17,0.83,451
Locanda_Verde,0.17,0.83,909
Santina,0.17,0.83,401
Amarone_NY,0.17,0.83,604
Le_Relais_de_Venise_L_Entrecote_Midtown_East,0.17,0.83,543
Tasti_D_Lite,0.17,0.83,6
Skylight_Diner,0.17,0.83,613
Beyoglu,0.17,0.83,269
Hurley_s_Saloon,0.17,0.83,609
Bailey_Pub_and_Brasserie,0.17,0.83,169
Sola_Pasta_Bar,0.17,0.83,76
Il_Cortile_Restaurant,0.17,0.83,577
Oyster_House_Pier_A,0.17,0.83,506
Dirty_French,0.18,0.82,363
Nom_Wah_Tea_Parlor,0.18,0.82,737
Da_Gennaro_Restaurant,0.18,0.82,930
Route_66_Cafe,0.18,0.82,287
Melba_s,0.18,0.82,174
Rue_57,0.18,0.82,1302
Cote,0.18,0.82,137
Corner_Social,0.18,0.82,153
Tribeca_Grill,0.18,0.82,824
Astro_Restaurant,0.18,0.82,683
Bubba_Gump_Shrimp_Co,0.18,0.82,2264
Brasserie_Ruhlmann,0.18,0.82,440
Puglia_Restaurant,0.18,0.82,385
5_Napkin_Burger_Union_Square,0.18,0.82,221
Galaxy_Diner,0.18,0.82,379
Reserve_Cut_at_The_Setai,0.18,0.82,159
Redeye_Grill,0.18,0.82,956
Estela,0.18,0.82,275
JG_Melons,0.18,0.82,108
Broadstone_Bar_Kitchen,0.18,0.82,98
Lattanzi_Ristorante,0.18,0.82,725
Playwright_Irish_Pub,0.18,0.82,637
Bobby_Van_s_Steakhouse_50th_Street,0.18,0.82,538
Lips,0.18,0.82,301
Salon_de_Ning_ROOFTOP,0.18,0.82,211
Terra,0.18,0.82,148
Charlie_Palmer_Steak,0.18,0.82,217
Osteria_Laguna_Restaurant,0.18,0.82,557
Mamo_Restaurant,0.18,0.82,121
Empire_Diner,0.18,0.82,319
I_Trulli,0.18,0.82,219
Empellon,0.18,0.82,142
Numero_28_Pizzeria_Napoletana,0.18,0.82,120
San_Matteo_Pizzeria_e_Cucina,0.18,0.82,51
Sarabeth_s_East,0.18,0.82,450
Blue_Fin,0.18,0.82,1733
L_ybane,0.18,0.82,206
Patsy_s_Pizzeria,0.18,0.82,411
Benoit_New_York,0.18,0.82,709
Tacuba_Hell_s_Kitchen_Cantina_Mexicana,0.18,0.82,176
Cipriani_Wall_St,0.18,0.82,239
Cafe_Frida,0.18,0.82,341
Paesano_of_Mulberry_Street,0.18,0.82,569
P_J_Clarke_s,0.18,0.82,1741
Stout,0.18,0.82,355
Sparks_Steak_House,0.18,0.82,1134
La_Mela_Ristorante,0.18,0.82,649
Ben_s_Kosher_Delicatessen_Restaurant_Caterers,0.18,0.82,821
Pappardella,0.18,0.82,375
TAO_Downtown_Restaurant,0.18,0.82,972
Viand_Cafe,0.18,0.82,684
Vaucluse,0.18,0.82,266
Le_Pain_Quotidien,0.18,0.82,2582
Abigael_s,0.18,0.82,229
Amaranth_Restaurant,0.19,0.81,175
Friend_of_a_Farmer,0.19,0.81,420
Sushi_Nakazawa,0.19,0.81,233
Park_Avenue_Autumn_Winter_Spring_Summer,0.19,0.81,511
Becco,0.19,0.81,2431
Circo,0.19,0.81,385
Harry_s_Italian_Pizza_Bar,0.19,0.81,305
Orsay,0.19,0.81,298
The_Grill,0.19,0.81,123
Maya,0.19,0.81,204
One_if_by_Land_Two_if_by_Sea,0.19,0.81,684
Il_Buco,0.19,0.81,392
L_amico,0.19,0.81,345
Clyde_Frazier_s_Wine_and_Dine,0.19,0.81,187
Peasant,0.19,0.81,301
The_Butcher_s_Daughter,0.19,0.81,508
Casa_Barilla,0.19,0.81,516
Broadway_Lounge_Terrace,0.19,0.81,198
Felidia,0.19,0.81,474
Corner_Bistro,0.19,0.81,346
Cafeteria,0.19,0.81,585
Docks_Oyster_Bar,0.19,0.81,513
Trattoria_Bianca,0.19,0.81,227
Le_Bilboquet,0.19,0.81,269
JG_Melon,0.19,0.81,365
Bryant_Park_Grill,0.19,0.81,1319
Brasserie_1605_at_the_Crowne_Plaza_Times_Square,0.19,0.81,311
Bowery_Meat_Company,0.19,0.81,166
Nomo_Soho_Restaurant,0.19,0.81,232
The_Standard_Grill,0.19,0.81,1300
Petit_Poulet,0.19,0.81,269
Grimaldi_s,0.19,0.81,293
5_Napkin_Burger_UWS,0.19,0.81,452
Nice_Matin,0.19,0.81,831
John_s_Pizzeria,0.19,0.81,104
Rare_Bar_Grill,0.19,0.81,562
ONE_Dine,0.2,0.8,214
Bobby_Van_s_Steak_House,0.2,0.8,205
Sarabeth_s_Central_Park_South,0.2,0.8,2403
Nougatine_at_Jean_Georges,0.2,0.8,864
Brooklyn_Diner,0.2,0.8,3031
Gaby_Brasserie_Francaise,0.2,0.8,245
Public,0.2,0.8,312
Dos_Caminos,0.2,0.8,1841
Applejack_Diner,0.2,0.8,10
Mercado_Little_Spain,0.2,0.8,126
California_Pizza_Kitchen,0.2,0.8,141
Freds_Madison_Avenue,0.2,0.8,270
Pera_Mediterranean_Brasserie,0.2,0.8,289
The_Carlyle_Restaurant,0.2,0.8,278
Pearl_Street_Diner,0.2,0.8,203
The_East_Pole,0.2,0.8,163
The_Lambs_Club,0.2,0.8,885
Scarlatto,0.2,0.8,704
Mad_Dog_Beans,0.2,0.8,244
TAO_Uptown,0.2,0.8,2277
Kellari_Taverna_NY,0.2,0.8,801
Papa_John_s,0.2,0.8,10
Sushi_of_Gari_46,0.2,0.8,282
Lenny_s_Sub_Shop,0.2,0.8,5
Hop_Kee_Restaurant,0.2,0.8,254
Nyonya,0.2,0.8,246
Sarabeth_s_Tribeca,0.2,0.8,351
Junoon_Restaurant,0.2,0.8,673
Aunt_Jake_s_NYC,0.2,0.8,196
The_Ribbon,0.2,0.8,165
Dafni_Greek_Taverna,0.2,0.8,529
Fresco_by_Scotto,0.2,0.8,447
Don_t_Tell_Mama,0.2,0.8,318
230_Fifth,0.2,0.8,2018
Bill_s_Bar_Burger,0.21,0.79,2822
Starbucks,0.21,0.79,98
Joy_Burger_Bar,0.21,0.79,38
Charlie_Bird,0.21,0.79,180
Madison_Vine,0.21,0.79,449
House_of_Lasagna,0.21,0.79,309
Bar_Italia,0.21,0.79,179
Houndstooth_Pub,0.21,0.79,445
Sylvia_s_Restaurant,0.21,0.79,1239
Serafina_Time_Hotel,0.21,0.79,337
Arno_Ristorante,0.21,0.79,342
Rare_Chelsea,0.21,0.79,325
Flatiron_Hall,0.21,0.79,71
JoJo,0.21,0.79,102
Cara_Mia,0.21,0.79,436
Waverly_Diner,0.21,0.79,226
Cafe_Un_Deux_Trois,0.21,0.79,1379
Tim_Ho_Wan_East_Village,0.22,0.78,157
Domino_s_Pizza,0.22,0.78,9
Angelo_s_of_Mulberry_Street,0.22,0.78,550
Bryant_Park_Cafe,0.22,0.78,186
Uno_Pizzeria_Grill,0.22,0.78,220
Caliente_Cab,0.22,0.78,213
Brother_Jimmy_s_BBQ,0.22,0.78,486
Norma_s,0.22,0.78,1252
The_Spotted_Pig,0.22,0.78,1637
Lexington_Brass,0.22,0.78,699
EuroPan_Cafe,0.22,0.78,216
LAVO_Italian_Restaurant,0.22,0.78,625
The_Clocktower,0.22,0.78,317
McGee_s_Pub_Restaurant,0.22,0.78,680
Sardi_s_Restaurant,0.22,0.78,1886
Haven_Rooftop,0.22,0.78,620
Cafe_Europa,0.22,0.78,250
Ted_s_Montana_Grill,0.22,0.78,523
Wolfgang_s_Steakhouse,0.22,0.78,1347
Iron_Bar_Lounge,0.22,0.78,371
Bond_45_Italian_Kitchen_Bar,0.22,0.78,1219
Daniela_Trattoria,0.22,0.78,805
Morimoto,0.22,0.78,106
Theatre_Row_Diner,0.22,0.78,345
Ellen_s_Stardust_Diner,0.22,0.78,3357
Katz_s_Deli,0.22,0.78,1031
Playwright_Tavern_Restaurant,0.23,0.77,329
Vapiano,0.23,0.77,193
L_Express,0.23,0.77,217
Tavern_on_the_Green,0.23,0.77,1689
Tom_s_Restaurant,0.23,0.77,496
Rosie_O_Grady_s,0.23,0.77,1765
Da_Nico_Ristorante_Manhattan_Location,0.23,0.77,789
Iguana_New_York,0.23,0.77,457
Blue_Note,0.23,0.77,449
Ca_Va_Todd_English,0.23,0.77,345
Barbetta,0.24,0.76,483
Peking_Duck_House,0.24,0.76,465
Bar_Boulud,0.24,0.76,768
P_J_Clarke_s_on_the_Hudson,0.24,0.76,357
OTTO_Enoteca_e_Pizzera,0.24,0.76,918
Gallow_Green,0.24,0.76,218
Frankie_Johnnie_s_Steakhouse,0.24,0.76,814
Utsav_Restaurant,0.24,0.76,540
Cosmic_Diner,0.24,0.76,301
Tick_Tock_Diner_NY,0.24,0.76,2218
Landmarc_Restaurant,0.24,0.76,667
Ethos_Gallery_51,0.24,0.76,238
Il_Mulino_New_York_Uptown,0.24,0.76,242
Sarabeth_s_Park_Avenue_South,0.24,0.76,400
Babbo_Ristorante_e_Enoteca,0.24,0.76,1528
Serafina_Broadway,0.24,0.76,953
Burger_King,0.25,0.75,12
Uncle_Jack_s_Steakhouse_Westside,0.25,0.75,518
Red_Lobster,0.25,0.75,1456
Joe_The_Juice,0.25,0.75,8
Ming_s_Restaurant,0.25,0.75,4
Gregorys_Coffee,0.25,0.75,4
The_Breslin,0.25,0.75,634
Smith_Wollensky,0.25,0.75,981
Pasta_Lovers,0.25,0.75,12
Coco,0.25,0.75,4
Serafina_Always,0.25,0.75,240
Olive_Garden,0.25,0.75,1969
Sarabeth_s_West,0.25,0.75,526
Gino_Sorbillo_Pizzeria,0.25,0.75,51
The_Mercer_Kitchen,0.25,0.75,923
Grand_Central_Oyster_Bar_Restaurant,0.25,0.75,785
China_River_restaurant,0.26,0.74,34
Carbone,0.26,0.74,365
Cosme,0.26,0.74,581
The_View_Restaurant_Lounge,0.27,0.73,2080
Dallas_BBQ_Times_Square,0.27,0.73,642
The_Mark_Restaurant_by_Jean_Georges,0.27,0.73,343
Dallas_BBQ,0.28,0.72,283
The_National_Bar_Dining_Rooms,0.28,0.72,961
Harry_Cipriani,0.28,0.72,439
Old_Homestead_Steakhouse,0.28,0.72,741
Dunkin,0.29,0.71,17
Lobby_Bar_at_Carlton_Hotel,0.29,0.71,17
Milon_Restaurant,0.29,0.71,80
Cipriani_Dolci,0.29,0.71,250
Butter_Midtown,0.29,0.71,907
Hard_Rock_Cafe,0.31,0.69,2639
Subway,0.31,0.69,39
Bucca_Di_Beppo,0.31,0.69,188
7_Eleven,0.31,0.69,16
Outback_Steakhouse,0.32,0.68,273
Lenwich,0.33,0.67,3
Chocolat_Restaurant_Bar,0.33,0.67,115
Mi_Casita,0.33,0.67,3
Pizza_Hut,0.33,0.67,3
Pizza_Pizza_NYC,0.33,0.67,3
Triple_A_Restaurant,0.33,0.67,3
Green_Cafe,0.33,0.67,3
Houlihan_s_Resturant,0.33,0.67,6
Nusr_Et_Steakhouse,0.42,0.58,178
Stop_One_Gourmet_Deli,0.5,0.5,2
Hudson_Food_Market,0.5,0.5,2
Strokos_Deli_Pizza_Catering,0.5,0.5,2
Crown_Fried_Chicken,0.5,0.5,2
Foodmart,0.5,0.5,2
Forty_Eight,0.5,0.5,2
Blossom_Du_Jour,0.5,0.5,2
Bistro_New_York,0.5,0.5,2
211_New_Taco_Grill,0.5,0.5,2
Carnegie_Cup_Cafe,0.5,0.5,2
Bunny_Deli,0.5,0.5,2
Van_Leeuwen,0.5,0.5,2
Fika,0.5,0.5,2
Andy_s_Deli,0.5,0.5,2
McSwiggans,0.5,0.5,4
Giovanni,0.5,0.5,2
Jumbo_Pizza,0.5,0.5,2
East_Broadway_Pizza,0.5,0.5,4
Patrick_Kavanagh_s,0.67,0.33,3
Taco_Bell,0.67,0.33,3
Chick_fil_A,0.67,0.33,3
TSQ_MKT,0.67,0.33,3
Jimbo_s_Hamburger_Palace,0.67,0.33,3
C_P_Galley,1.0,0.0,1
Fresh_co,1.0,0.0,1
Kent_s_Dumpling_House,1.0,0.0,1
Barbarrio,1.0,0.0,1
Desi_junction,1.0,0.0,1
Sweet_Suga_Mama_s,1.0,0.0,1
Fat_Sal_s_Pizza,1.0,0.0,2
Sushi_Deli_Box,1.0,0.0,1
Hell_s_Kitchen,1.0,0.0,1
Fresh_Food_Farm,1.0,0.0,1
Crepe_Cafe,1.0,0.0,1
Kennedy_Fried_Chicken,1.0,0.0,1
Spy_Bar,1.0,0.0,1
Cafe_Istanbul,1.0,0.0,1
Panda_Chinese_Restaurant,1.0,0.0,1
Cinnabar,1.0,0.0,1
Epicurean_Market,1.0,0.0,1
Excuse_My_French_Toast,1.0,0.0,1
Imperial_Garden,1.0,0.0,1
Modern_Szechuan,1.0,0.0,1
Harlem_Cuban_Sandwiches,1.0,0.0,1
Duke_Ellington_Deli,1.0,0.0,1
Shochu_and_Tapas_Aya,1.0,0.0,1
Concord_Garden_Restaurant,1.0,0.0,1
Madison_Street_Pizza,1.0,0.0,1
Poke_Fresh,1.0,0.0,1
Piccollo,1.0,0.0,1
Lincoln_Tavern,1.0,0.0,1
Chelsea_s_Breakfast_Bar,1.0,0.0,1
Long_Island_Brew_House,1.0,0.0,1
Roman_Empire_Pizza,1.0,0.0,1
Three_Owls_Market,1.0,0.0,1
Go_Fish,1.0,0.0,1
Pizza_Pizza_of_Hanover_SQ,1.0,0.0,1
Tommy_s_Grill_Pizzeria,1.0,0.0,1
Red_Star,1.0,0.0,1
Pita_Grill,1.0,0.0,2
Bonchon_Chelsea,1.0,0.0,1
Port_Gourmet_Deli,1.0,0.0,1
Umai_Ramen,1.0,0.0,1
Campus_Eatery,1.0,0.0,1
Jennifer_s_Cafe,1.0,0.0,1
Umami_Ramen,1.0,0.0,1
Joe_the_Juice,1.0,0.0,1
Profit_Chinese_Restaurant,1.0,0.0,1
Buon_Amici,1.0,0.0,1
Workers_Diner,1.0,0.0,1
New_Fresco_Tortillas,1.0,0.0,1
1902_Empire_Iii_Inc,1.0,0.0,1
